Workbook

Sheet PORTFOLIO
A1: PORTFOLIO
A2: Logique minimale : 1) constitution d'un portefeuille aléatoire figé 2) préparation des données de marché utiles 3) pricing des instruments 4) agrégation de la PV totale. Les nominaux et les valeurs sont en MMAD ; les prix obligataires restent en % du nominal.
A4: Paramètre du pricer | B4: Valeur | C4: Rôle dans le modèle
A5: Date de valorisation | B5: 45784 | C5: Date commune utilisée pour valoriser toutes les positions.
A6: Régime de pricing (N1/N2) | B6: N2 | C6: N2 : P* = Pmod ; N1 : P* = prix dirty observé.
A7: Proxy repo activé (1/0) | B7: 1 | C7: 1 : Drepo = Dgov ; 0 : Drepo calculé à partir d'un basis repo global.
A8: Basis repo global (décimal) | B8: 0 | C8: Écart repo-gov appliqué si le proxy repo n’est pas activé.
A11: Obligations tirées dans le portefeuille
A12: ID position obligation | B12: Code obligation | C12: Désignation obligation | D12: Taux du coupon | E12: Fréquence coupon | F12: Date d'échéance | G12: Sens de position (ε) | H12: Nominal position (MMAD) | I12: Prix dirty observé (%)
A13: BOND_1 | B13: 979L67 | C13: MOROCCO 2023 3.9% 17/11/25 | D13: 0.039 | E13: 1 | F13: 45978 | G13: 1 | H13: 300 | I13: 102.5971
A14: BOND_2 | B14: 630CRV | C14: MOROCCO 2021 2.05% 20/04/26 | D14: 0.0205 | E14: 1 | F14: 46132 | G14: -1 | H14: 100 | I14: 99.8054
A15: BOND_3 | B15: 786VKT | C15: MOROCCO 2006 5.15% 05/06/26 | D15: 0.0515 | E15: 1 | F15: 46178 | G15: 1 | H15: 200 | I15: 107.6508
A16: BOND_4 | B16: 189ZF7 | C16: MOROCCO 2024 3.3% 15/04/30 | D16: 0.033 | E16: 1 | F16: 47588 | G16: -1 | H16: 300 | I16: 105.5471
A18: Repos tirés dans le portefeuille
A19: ID trade repo | B19: Code collatéral | C19: ID position collatérale | D19: Sens de position (ε) | E19: Nominal repo (MMAD) | F19: Date de départ repo | G19: Date d'échéance repo | H19: Haircut / décote | I19: Taux repo contractuel | J19: Prix du collatéral au départ (%)
A20: REPO_1 | B20: 979L67 | C20: BOND_1 | D20: 1 | E20: 200 | F20: 45784 | G20: 45820 | H20: 0.02 | I20: 0.025 | J20: 102.5971
A21: REPO_2 | B21: 630CRV | C21: BOND_2 | D21: -1 | E21: 300 | F21: 45784 | G21: 45823 | H21: 0.02 | I21: 0.024 | J21: 99.8054
A22: REPO_3 | B22: 786VKT | C22: BOND_3 | D22: 1 | E22: 300 | F22: 45784 | G22: 45805 | H22: 0.02 | I22: 0.023 | J22: 107.6508
A25: Forward repos tirés dans le portefeuille
A26: ID trade forward repo | B26: Sens de position (ε) | C26: Nominal forward repo (MMAD) | D26: Date forward start T1 | E26: Date forward end T2 | F26: Taux forward repo contractuel
A27: FWD_1 | B27: -1 | C27: 100 | D27: 45850 | E27: 45875 | F27: 0.025
A28: FWD_2 | B28: 1 | C28: 300 | D28: 45889 | E28: 45925 | F28: 0.022
A29: FWD_3 | B29: -1 | C29: 500 | D29: 45880 | E29: 45934 | F29: 0.022

Sheet MARKET_DATA
A1: MARKET_DATA
A2: Données de marché strictement nécessaires au portefeuille : paramètres globaux, courbe zéro-coupon observée, puis dates utiles pour interpoler Dgov et Drepo. Les valeurs finales du pricer sont en MMAD.
A4: Paramètre de marché | B4: Valeur
A5: Date de valorisation | B5: =PORTFOLIO!$B$5 -> 45784
A6: Proxy repo activé (1/0) | B6: =PORTFOLIO!$B$7 -> 1
A7: Basis repo global (décimal) | B7: =PORTFOLIO!$B$8 -> 0
A11: Courbe zéro-coupon observée
A12: Code instrument ZC | B12: Date d'échéance ZC | C12: Jours jusqu'à échéance | D12: Prix zéro-coupon observé (%) | E12: Facteur d'actualisation souverain Dgov | F12: Taux zéro implicite
A13: 5595ZR | B13: 45789 | C13: 5 | D13: 99.97 | E13: =D13/100 -> 0.9997 | F13: =IF(C13=0,0,-LN(E13)/(C13/365)) -> 0.021903286
A14: 553KYG | B14: 45797 | C14: 13 | D14: 99.92 | E14: =D14/100 -> 0.9992 | F14: =IF(C14=0,0,-LN(E14)/(C14/365)) -> 0.022470528
A15: 561HQM | B15: 45803 | C15: 19 | D15: 99.88 | E15: =D15/100 -> 0.9988 | F15: =IF(C15=0,0,-LN(E15)/(C15/365)) -> 0.023066474
A16: 564MDH | B16: 45831 | C16: 47 | D16: 99.7 | E16: =D16/100 -> 0.997 | F16: =IF(C16=0,0,-LN(E16)/(C16/365)) -> 0.023332889
A17: 189NXU | B17: 45859 | C17: 75 | D17: 99.52 | E17: =D17/100 -> 0.9952 | F17: =IF(C17=0,0,-LN(E17)/(C17/365)) -> 0.023416244
A18: 559NHJ | B18: 45873 | C18: 89 | D18: 99.43 | E18: =D18/100 -> 0.9943 | F18: =IF(C18=0,0,-LN(E18)/(C18/365)) -> 0.023443282
A19: 560R9M | B19: 45887 | C19: 103 | D19: 99.33 | E19: =D19/100 -> 0.9933 | F19: =IF(C19=0,0,-LN(E19)/(C19/365)) -> 0.023822614
A20: 562C4H | B20: 45901 | C20: 117 | D20: 99.24 | E20: =D20/100 -> 0.9924 | F20: =IF(C20=0,0,-LN(E20)/(C20/365)) -> 0.023799957
A21: 565A6Z | B21: 45932 | C21: 148 | D21: 99.04 | E21: =D21/100 -> 0.9904 | F21: =IF(C21=0,0,-LN(E21)/(C21/365)) -> 0.023790052
A22: 550R94 | B22: 45944 | C22: 160 | D22: 98.96 | E22: =D22/100 -> 0.9896 | F22: =IF(C22=0,0,-LN(E22)/(C22/365)) -> 0.023849232
A26: Dates de marché nécessaires au pricing du portefeuille
A27: Identifiant de date | B27: Date de pricing | C27: Jours à courir | D27: Dgov interpolé / extrapolé | E27: Drepo retenu | F27: Indice pilier inférieur | G27: Delta inférieur | H27: Delta supérieur | I27: DF inférieur | J27: DF supérieur | K27: Poids d'interpolation λ
A28: REPO_3_END | B28: 45805 | C28: =B28-$B$5 -> 21 | D28: =IF(C28<=0,1,EXP((1-K28)*LN(I28)+K28*LN(J28))) -> 0.99867132 | E28: =IF(C28<=0,1,IF($B$6=1,D28,1/(1+(((1/D28)-1)/(C28/360)+$B$7)*(C28/360)))) -> 0.99867132 | F28: =IF(C28<=$C$13,1,IF(C28>=$C$22,9,MATCH(C28,$C$13:$C$22,1))) -> 3 | G28: =IF(C28<=$C$13,0,INDEX($C$13:$C$22,F28)) -> 19 | H28: =IF(C28<=$C$13,$C$13,INDEX($C$13:$C$22,F28+1)) -> 47 | I28: =IF(C28<=$C$13,1,INDEX($E$13:$E$22,F28)) -> 0.9988 | J28: =IF(C28<=$C$13,$E$13,INDEX($E$13:$E$22,F28+1)) -> 0.997 | K28: =IF(H28=G28,0,(C28-G28)/(H28-G28)) -> 0.071428571
A29: BOND_3_CF | B29: 45813 | C29: =B29-$B$5 -> 29 | D29: =IF(C29<=0,1,EXP((1-K29)*LN(I29)+K29*LN(J29))) -> 0.99815677 | E29: =IF(C29<=0,1,IF($B$6=1,D29,1/(1+(((1/D29)-1)/(C29/360)+$B$7)*(C29/360)))) -> 0.99815677 | F29: =IF(C29<=$C$13,1,IF(C29>=$C$22,9,MATCH(C29,$C$13:$C$22,1))) -> 3 | G29: =IF(C29<=$C$13,0,INDEX($C$13:$C$22,F29)) -> 19 | H29: =IF(C29<=$C$13,$C$13,INDEX($C$13:$C$22,F29+1)) -> 47 | I29: =IF(C29<=$C$13,1,INDEX($E$13:$E$22,F29)) -> 0.9988 | J29: =IF(C29<=$C$13,$E$13,INDEX($E$13:$E$22,F29+1)) -> 0.997 | K29: =IF(H29=G29,0,(C29-G29)/(H29-G29)) -> 0.35714286
A30: REPO_1_END | B30: 45820 | C30: =B30-$B$5 -> 36 | D30: =IF(C30<=0,1,EXP((1-K30)*LN(I30)+K30*LN(J30))) -> 0.99770676 | E30: =IF(C30<=0,1,IF($B$6=1,D30,1/(1+(((1/D30)-1)/(C30/360)+$B$7)*(C30/360)))) -> 0.99770676 | F30: =IF(C30<=$C$13,1,IF(C30>=$C$22,9,MATCH(C30,$C$13:$C$22,1))) -> 3 | G30: =IF(C30<=$C$13,0,INDEX($C$13:$C$22,F30)) -> 19 | H30: =IF(C30<=$C$13,$C$13,INDEX($C$13:$C$22,F30+1)) -> 47 | I30: =IF(C30<=$C$13,1,INDEX($E$13:$E$22,F30)) -> 0.9988 | J30: =IF(C30<=$C$13,$E$13,INDEX($E$13:$E$22,F30+1)) -> 0.997 | K30: =IF(H30=G30,0,(C30-G30)/(H30-G30)) -> 0.60714286
A31: REPO_2_END | B31: 45823 | C31: =B31-$B$5 -> 39 | D31: =IF(C31<=0,1,EXP((1-K31)*LN(I31)+K31*LN(J31))) -> 0.99751395 | E31: =IF(C31<=0,1,IF($B$6=1,D31,1/(1+(((1/D31)-1)/(C31/360)+$B$7)*(C31/360)))) -> 0.99751395 | F31: =IF(C31<=$C$13,1,IF(C31>=$C$22,9,MATCH(C31,$C$13:$C$22,1))) -> 3 | G31: =IF(C31<=$C$13,0,INDEX($C$13:$C$22,F31)) -> 19 | H31: =IF(C31<=$C$13,$C$13,INDEX($C$13:$C$22,F31+1)) -> 47 | I31: =IF(C31<=$C$13,1,INDEX($E$13:$E$22,F31)) -> 0.9988 | J31: =IF(C31<=$C$13,$E$13,INDEX($E$13:$E$22,F31+1)) -> 0.997 | K31: =IF(H31=G31,0,(C31-G31)/(H31-G31)) -> 0.71428571
A32: FWD_1_T1 | B32: 45850 | C32: =B32-$B$5 -> 66 | D32: =IF(C32<=0,1,EXP((1-K32)*LN(I32)+K32*LN(J32))) -> 0.99577822 | E32: =IF(C32<=0,1,IF($B$6=1,D32,1/(1+(((1/D32)-1)/(C32/360)+$B$7)*(C32/360)))) -> 0.99577822 | F32: =IF(C32<=$C$13,1,IF(C32>=$C$22,9,MATCH(C32,$C$13:$C$22,1))) -> 4 | G32: =IF(C32<=$C$13,0,INDEX($C$13:$C$22,F32)) -> 47 | H32: =IF(C32<=$C$13,$C$13,INDEX($C$13:$C$22,F32+1)) -> 75 | I32: =IF(C32<=$C$13,1,INDEX($E$13:$E$22,F32)) -> 0.997 | J32: =IF(C32<=$C$13,$E$13,INDEX($E$13:$E$22,F32+1)) -> 0.9952 | K32: =IF(H32=G32,0,(C32-G32)/(H32-G32)) -> 0.67857143
A33: BOND_4_CF | B33: 45853 | C33: =B33-$B$5 -> 69 | D33: =IF(C33<=0,1,EXP((1-K33)*LN(I33)+K33*LN(J33))) -> 0.99558544 | E33: =IF(C33<=0,1,IF($B$6=1,D33,1/(1+(((1/D33)-1)/(C33/360)+$B$7)*(C33/360)))) -> 0.99558544 | F33: =IF(C33<=$C$13,1,IF(C33>=$C$22,9,MATCH(C33,$C$13:$C$22,1))) -> 4 | G33: =IF(C33<=$C$13,0,INDEX($C$13:$C$22,F33)) -> 47 | H33: =IF(C33<=$C$13,$C$13,INDEX($C$13:$C$22,F33+1)) -> 75 | I33: =IF(C33<=$C$13,1,INDEX($E$13:$E$22,F33)) -> 0.997 | J33: =IF(C33<=$C$13,$E$13,INDEX($E$13:$E$22,F33+1)) -> 0.9952 | K33: =IF(H33=G33,0,(C33-G33)/(H33-G33)) -> 0.78571429
A34: FWD_1_T2 | B34: 45875 | C34: =B34-$B$5 -> 91 | D34: =IF(C34<=0,1,EXP((1-K34)*LN(I34)+K34*LN(J34))) -> 0.99415708 | E34: =IF(C34<=0,1,IF($B$6=1,D34,1/(1+(((1/D34)-1)/(C34/360)+$B$7)*(C34/360)))) -> 0.99415708 | F34: =IF(C34<=$C$13,1,IF(C34>=$C$22,9,MATCH(C34,$C$13:$C$22,1))) -> 6 | G34: =IF(C34<=$C$13,0,INDEX($C$13:$C$22,F34)) -> 89 | H34: =IF(C34<=$C$13,$C$13,INDEX($C$13:$C$22,F34+1)) -> 103 | I34: =IF(C34<=$C$13,1,INDEX($E$13:$E$22,F34)) -> 0.9943 | J34: =IF(C34<=$C$13,$E$13,INDEX($E$13:$E$22,F34+1)) -> 0.9933 | K34: =IF(H34=G34,0,(C34-G34)/(H34-G34)) -> 0.14285714
A35: FWD_3_T1 | B35: 45880 | C35: =B35-$B$5 -> 96 | D35: =IF(C35<=0,1,EXP((1-K35)*LN(I35)+K35*LN(J35))) -> 0.99379987 | E35: =IF(C35<=0,1,IF($B$6=1,D35,1/(1+(((1/D35)-1)/(C35/360)+$B$7)*(C35/360)))) -> 0.99379987 | F35: =IF(C35<=$C$13,1,IF(C35>=$C$22,9,MATCH(C35,$C$13:$C$22,1))) -> 6 | G35: =IF(C35<=$C$13,0,INDEX($C$13:$C$22,F35)) -> 89 | H35: =IF(C35<=$C$13,$C$13,INDEX($C$13:$C$22,F35+1)) -> 103 | I35: =IF(C35<=$C$13,1,INDEX($E$13:$E$22,F35)) -> 0.9943 | J35: =IF(C35<=$C$13,$E$13,INDEX($E$13:$E$22,F35+1)) -> 0.9933 | K35: =IF(H35=G35,0,(C35-G35)/(H35-G35)) -> 0.5
A36: FWD_2_T1 | B36: 45889 | C36: =B36-$B$5 -> 105 | D36: =IF(C36<=0,1,EXP((1-K36)*LN(I36)+K36*LN(J36))) -> 0.99317138 | E36: =IF(C36<=0,1,IF($B$6=1,D36,1/(1+(((1/D36)-1)/(C36/360)+$B$7)*(C36/360)))) -> 0.99317138 | F36: =IF(C36<=$C$13,1,IF(C36>=$C$22,9,MATCH(C36,$C$13:$C$22,1))) -> 7 | G36: =IF(C36<=$C$13,0,INDEX($C$13:$C$22,F36)) -> 103 | H36: =IF(C36<=$C$13,$C$13,INDEX($C$13:$C$22,F36+1)) -> 117 | I36: =IF(C36<=$C$13,1,INDEX($E$13:$E$22,F36)) -> 0.9933 | J36: =IF(C36<=$C$13,$E$13,INDEX($E$13:$E$22,F36+1)) -> 0.9924 | K36: =IF(H36=G36,0,(C36-G36)/(H36-G36)) -> 0.14285714
A37: FWD_2_T2 | B37: 45925 | C37: =B37-$B$5 -> 141 | D37: =IF(C37<=0,1,EXP((1-K37)*LN(I37)+K37*LN(J37))) -> 0.99085126 | E37: =IF(C37<=0,1,IF($B$6=1,D37,1/(1+(((1/D37)-1)/(C37/360)+$B$7)*(C37/360)))) -> 0.99085126 | F37: =IF(C37<=$C$13,1,IF(C37>=$C$22,9,MATCH(C37,$C$13:$C$22,1))) -> 8 | G37: =IF(C37<=$C$13,0,INDEX($C$13:$C$22,F37)) -> 117 | H37: =IF(C37<=$C$13,$C$13,INDEX($C$13:$C$22,F37+1)) -> 148 | I37: =IF(C37<=$C$13,1,INDEX($E$13:$E$22,F37)) -> 0.9924 | J37: =IF(C37<=$C$13,$E$13,INDEX($E$13:$E$22,F37+1)) -> 0.9904 | K37: =IF(H37=G37,0,(C37-G37)/(H37-G37)) -> 0.77419355
A38: FWD_3_T2 | B38: 45934 | C38: =B38-$B$5 -> 150 | D38: =IF(C38<=0,1,EXP((1-K38)*LN(I38)+K38*LN(J38))) -> 0.99026662 | E38: =IF(C38<=0,1,IF($B$6=1,D38,1/(1+(((1/D38)-1)/(C38/360)+$B$7)*(C38/360)))) -> 0.99026662 | F38: =IF(C38<=$C$13,1,IF(C38>=$C$22,9,MATCH(C38,$C$13:$C$22,1))) -> 9 | G38: =IF(C38<=$C$13,0,INDEX($C$13:$C$22,F38)) -> 148 | H38: =IF(C38<=$C$13,$C$13,INDEX($C$13:$C$22,F38+1)) -> 160 | I38: =IF(C38<=$C$13,1,INDEX($E$13:$E$22,F38)) -> 0.9904 | J38: =IF(C38<=$C$13,$E$13,INDEX($E$13:$E$22,F38+1)) -> 0.9896 | K38: =IF(H38=G38,0,(C38-G38)/(H38-G38)) -> 0.16666667
A39: BOND_1_CF | B39: 45978 | C39: =B39-$B$5 -> 194 | D39: =IF(C39<=0,1,EXP((1-K39)*LN(I39)+K39*LN(J39))) -> 0.98733684 | E39: =IF(C39<=0,1,IF($B$6=1,D39,1/(1+(((1/D39)-1)/(C39/360)+$B$7)*(C39/360)))) -> 0.98733684 | F39: =IF(C39<=$C$13,1,IF(C39>=$C$22,9,MATCH(C39,$C$13:$C$22,1))) -> 9 | G39: =IF(C39<=$C$13,0,INDEX($C$13:$C$22,F39)) -> 148 | H39: =IF(C39<=$C$13,$C$13,INDEX($C$13:$C$22,F39+1)) -> 160 | I39: =IF(C39<=$C$13,1,INDEX($E$13:$E$22,F39)) -> 0.9904 | J39: =IF(C39<=$C$13,$E$13,INDEX($E$13:$E$22,F39+1)) -> 0.9896 | K39: =IF(H39=G39,0,(C39-G39)/(H39-G39)) -> 3.8333333
... A46: BOND_4_CF | B46: 47588 | C46: =B46-$B$5 -> 1804 | D46: =IF(C46<=0,1,EXP((1-K46)*LN(I46)+K46*LN(J46))) -> 0.88589085 | E46: =IF(C46<=0,1,IF($B$6=1,D46,1/(1+(((1/D46)-1)/(C46/360)+$B$7)*(C46/360)))) -> 0.88589085 | F46: =IF(C46<=$C$13,1,IF(C46>=$C$22,9,MATCH(C46,$C$13:$C$22,1))) -> 9 | G46: =IF(C46<=$C$13,0,INDEX($C$13:$C$22,F46)) -> 148 | H46: =IF(C46<=$C$13,$C$13,INDEX($C$13:$C$22,F46+1)) -> 160 | I46: =IF(C46<=$C$13,1,INDEX($E$13:$E$22,F46)) -> 0.9904 | J46: =IF(C46<=$C$13,$E$13,INDEX($E$13:$E$22,F46+1)) -> 0.9896 | K46: =IF(H46=G46,0,(C46-G46)/(H46-G46)) -> 138

Sheet PRICING
A1: PRICING
A2: Trois blocs : 1) flux obligataires et prix théorique Pmod 2) valorisation des repos 3) valorisation des forward repos. Les nominaux et les valeurs sont en MMAD ; les prix obligataires restent en % du nominal.
A4: Flux obligataires actualisés
A5: ID position obligation | B5: Code obligation | C5: Date de flux | D5: Montant du flux (% du nominal) | E5: Dgov à la date de flux | F5: Valeur actuelle du flux (prix %)
A6: BOND_1 | B6: 979L67 | C6: 45978 | D6: 1.039 | E6: =INDEX(MARKET_DATA!$D$28:$D$46,MATCH(C6,MARKET_DATA!$B$28:$B$46,0)) -> 0.98733684 | F6: =D6*E6*100 -> 102.5843
A7: BOND_2 | B7: 630CRV | C7: 46132 | D7: 1.0205 | E7: =INDEX(MARKET_DATA!$D$28:$D$46,MATCH(C7,MARKET_DATA!$B$28:$B$46,0)) -> 0.9771507 | F7: =D7*E7*100 -> 99.718229
A8: BOND_3 | B8: 786VKT | C8: 45813 | D8: 0.0515 | E8: =INDEX(MARKET_DATA!$D$28:$D$46,MATCH(C8,MARKET_DATA!$B$28:$B$46,0)) -> 0.99815677 | F8: =D8*E8*100 -> 5.1405074
A9: BOND_3 | B9: 786VKT | C9: 46178 | D9: 1.0515 | E9: =INDEX(MARKET_DATA!$D$28:$D$46,MATCH(C9,MARKET_DATA!$B$28:$B$46,0)) -> 0.97412852 | F9: =D9*E9*100 -> 102.42961
A10: BOND_4 | B10: 189ZF7 | C10: 45853 | D10: 0.033 | E10: =INDEX(MARKET_DATA!$D$28:$D$46,MATCH(C10,MARKET_DATA!$B$28:$B$46,0)) -> 0.99558544 | F10: =D10*E10*100 -> 3.285432
A11: BOND_4 | B11: 189ZF7 | C11: 46218 | D11: 0.033 | E11: =INDEX(MARKET_DATA!$D$28:$D$46,MATCH(C11,MARKET_DATA!$B$28:$B$46,0)) -> 0.97150813 | F11: =D11*E11*100 -> 3.2059768
A12: BOND_4 | B12: 189ZF7 | C12: 46583 | D12: 0.033 | E12: =INDEX(MARKET_DATA!$D$28:$D$46,MATCH(C12,MARKET_DATA!$B$28:$B$46,0)) -> 0.94792038 | F12: =D12*E12*100 -> 3.1281373
A13: BOND_4 | B13: 189ZF7 | C13: 46949 | D13: 0.033 | E13: =INDEX(MARKET_DATA!$D$28:$D$46,MATCH(C13,MARKET_DATA!$B$28:$B$46,0)) -> 0.92484305 | F13: =D13*E13*100 -> 3.0519821
A14: BOND_4 | B14: 189ZF7 | C14: 47314 | D14: 0.033 | E14: =INDEX(MARKET_DATA!$D$28:$D$46,MATCH(C14,MARKET_DATA!$B$28:$B$46,0)) -> 0.90238831 | F14: =D14*E14*100 -> 2.9778814
A15: BOND_4 | B15: 189ZF7 | C15: 47588 | D15: 1.033 | E15: =INDEX(MARKET_DATA!$D$28:$D$46,MATCH(C15,MARKET_DATA!$B$28:$B$46,0)) -> 0.88589085 | F15: =D15*E15*100 -> 91.512524
A18: Valorisation des obligations
A19: ID position obligation | B19: Prix dirty observé (%) | C19: Prix théorique Pmod (%) | D19: Prix retenu P* (%) | E19: Sens de position (ε) | F19: Nominal position (MMAD) | G19: Valeur de la position obligataire (MMAD)
A20: BOND_1 | B20: =INDEX(PORTFOLIO!$I$13:$I$16,MATCH(A20,PORTFOLIO!$A$13:$A$16,0)) -> 102.5971 | C20: =SUMIF($A$6:$A$15,A20,$F$6:$F$15) -> 102.5843 | D20: =IF(PORTFOLIO!$B$6="N1",B20,C20) -> 102.5843 | E20: =INDEX(PORTFOLIO!$G$13:$G$16,MATCH(A20,PORTFOLIO!$A$13:$A$16,0)) -> 1 | F20: =INDEX(PORTFOLIO!$H$13:$H$16,MATCH(A20,PORTFOLIO!$A$13:$A$16,0)) -> 300 | G20: =E20*F20*D20/100 -> 307.75289
A21: BOND_2 | B21: =INDEX(PORTFOLIO!$I$13:$I$16,MATCH(A21,PORTFOLIO!$A$13:$A$16,0)) -> 99.8054 | C21: =SUMIF($A$6:$A$15,A21,$F$6:$F$15) -> 99.718229 | D21: =IF(PORTFOLIO!$B$6="N1",B21,C21) -> 99.718229 | E21: =INDEX(PORTFOLIO!$G$13:$G$16,MATCH(A21,PORTFOLIO!$A$13:$A$16,0)) -> -1 | F21: =INDEX(PORTFOLIO!$H$13:$H$16,MATCH(A21,PORTFOLIO!$A$13:$A$16,0)) -> 100 | G21: =E21*F21*D21/100 -> -99.718229
A22: BOND_3 | B22: =INDEX(PORTFOLIO!$I$13:$I$16,MATCH(A22,PORTFOLIO!$A$13:$A$16,0)) -> 107.6508 | C22: =SUMIF($A$6:$A$15,A22,$F$6:$F$15) -> 107.57012 | D22: =IF(PORTFOLIO!$B$6="N1",B22,C22) -> 107.57012 | E22: =INDEX(PORTFOLIO!$G$13:$G$16,MATCH(A22,PORTFOLIO!$A$13:$A$16,0)) -> 1 | F22: =INDEX(PORTFOLIO!$H$13:$H$16,MATCH(A22,PORTFOLIO!$A$13:$A$16,0)) -> 200 | G22: =E22*F22*D22/100 -> 215.14024
A23: BOND_4 | B23: =INDEX(PORTFOLIO!$I$13:$I$16,MATCH(A23,PORTFOLIO!$A$13:$A$16,0)) -> 105.5471 | C23: =SUMIF($A$6:$A$15,A23,$F$6:$F$15) -> 107.16193 | D23: =IF(PORTFOLIO!$B$6="N1",B23,C23) -> 107.16193 | E23: =INDEX(PORTFOLIO!$G$13:$G$16,MATCH(A23,PORTFOLIO!$A$13:$A$16,0)) -> -1 | F23: =INDEX(PORTFOLIO!$H$13:$H$16,MATCH(A23,PORTFOLIO!$A$13:$A$16,0)) -> 300 | G23: =E23*F23*D23/100 -> -321.4858
A27: Valorisation des repos
A28: ID trade repo | B28: ID position collatérale | C28: Sens de position (ε) | D28: Nominal repo (MMAD) | E28: Date de départ repo | F28: Date d'échéance repo | G28: Haircut appliqué | H28: Taux repo contractuel | I28: Prix du collatéral au départ (%) | J28: Prix courant du collatéral (%) | K28: Drepo à l'échéance | L28: Cash initial P0 (MMAD) | M28: Cash remboursé PT (MMAD) | N28: Valeur du repo (MMAD)
A29: REPO_1 | B29: BOND_1 | C29: =INDEX(PORTFOLIO!$D$20:$D$22,MATCH(A29,PORTFOLIO!$A$20:$A$22,0)) -> 1 | D29: =INDEX(PORTFOLIO!$E$20:$E$22,MATCH(A29,PORTFOLIO!$A$20:$A$22,0)) -> 200 | E29: =INDEX(PORTFOLIO!$F$20:$F$22,MATCH(A29,PORTFOLIO!$A$20:$A$22,0)) -> 45784 | F29: =INDEX(PORTFOLIO!$G$20:$G$22,MATCH(A29,PORTFOLIO!$A$20:$A$22,0)) -> 45820 | G29: =INDEX(PORTFOLIO!$H$20:$H$22,MATCH(A29,PORTFOLIO!$A$20:$A$22,0)) -> 0.02 | H29: =INDEX(PORTFOLIO!$I$20:$I$22,MATCH(A29,PORTFOLIO!$A$20:$A$22,0)) -> 0.025 | I29: =INDEX(PORTFOLIO!$J$20:$J$22,MATCH(A29,PORTFOLIO!$A$20:$A$22,0)) -> 102.5971 | J29: =INDEX($D$20:$D$23,MATCH(B29,$A$20:$A$23,0)) -> 102.5843 | K29: =INDEX(MARKET_DATA!$E$28:$E$46,MATCH(F29,MARKET_DATA!$B$28:$B$46,0)) -> 0.99770676 | L29: =D29*I29/100*(1-G29) -> 201.09032 | M29: =L29*(1+H29*((F29-E29)/360)) -> 201.59304 | N29: =C29*(D29*J29/100-M29*K29) -> 4.0378558
A30: REPO_2 | B30: BOND_2 | C30: =INDEX(PORTFOLIO!$D$20:$D$22,MATCH(A30,PORTFOLIO!$A$20:$A$22,0)) -> -1 | D30: =INDEX(PORTFOLIO!$E$20:$E$22,MATCH(A30,PORTFOLIO!$A$20:$A$22,0)) -> 300 | E30: =INDEX(PORTFOLIO!$F$20:$F$22,MATCH(A30,PORTFOLIO!$A$20:$A$22,0)) -> 45784 | F30: =INDEX(PORTFOLIO!$G$20:$G$22,MATCH(A30,PORTFOLIO!$A$20:$A$22,0)) -> 45823 | G30: =INDEX(PORTFOLIO!$H$20:$H$22,MATCH(A30,PORTFOLIO!$A$20:$A$22,0)) -> 0.02 | H30: =INDEX(PORTFOLIO!$I$20:$I$22,MATCH(A30,PORTFOLIO!$A$20:$A$22,0)) -> 0.024 | I30: =INDEX(PORTFOLIO!$J$20:$J$22,MATCH(A30,PORTFOLIO!$A$20:$A$22,0)) -> 99.8054 | J30: =INDEX($D$20:$D$23,MATCH(B30,$A$20:$A$23,0)) -> 99.718229 | K30: =INDEX(MARKET_DATA!$E$28:$E$46,MATCH(F30,MARKET_DATA!$B$28:$B$46,0)) -> 0.99751395 | L30: =D30*I30/100*(1-G30) -> 293.42788 | M30: =L30*(1+H30*((F30-E30)/360)) -> 294.19079 | N30: =C30*(D30*J30/100-M30*K30) -> -5.69527
A31: REPO_3 | B31: BOND_3 | C31: =INDEX(PORTFOLIO!$D$20:$D$22,MATCH(A31,PORTFOLIO!$A$20:$A$22,0)) -> 1 | D31: =INDEX(PORTFOLIO!$E$20:$E$22,MATCH(A31,PORTFOLIO!$A$20:$A$22,0)) -> 300 | E31: =INDEX(PORTFOLIO!$F$20:$F$22,MATCH(A31,PORTFOLIO!$A$20:$A$22,0)) -> 45784 | F31: =INDEX(PORTFOLIO!$G$20:$G$22,MATCH(A31,PORTFOLIO!$A$20:$A$22,0)) -> 45805 | G31: =INDEX(PORTFOLIO!$H$20:$H$22,MATCH(A31,PORTFOLIO!$A$20:$A$22,0)) -> 0.02 | H31: =INDEX(PORTFOLIO!$I$20:$I$22,MATCH(A31,PORTFOLIO!$A$20:$A$22,0)) -> 0.023 | I31: =INDEX(PORTFOLIO!$J$20:$J$22,MATCH(A31,PORTFOLIO!$A$20:$A$22,0)) -> 107.6508 | J31: =INDEX($D$20:$D$23,MATCH(B31,$A$20:$A$23,0)) -> 107.57012 | K31: =INDEX(MARKET_DATA!$E$28:$E$46,MATCH(F31,MARKET_DATA!$B$28:$B$46,0)) -> 0.99867132 | L31: =D31*I31/100*(1-G31) -> 316.49335 | M31: =L31*(1+H31*((F31-E31)/360)) -> 316.91798 | N31: =C31*(D31*J31/100-M31*K31) -> 6.2134651
A35: Valorisation des forward repos
A36: ID trade forward repo | B36: Sens de position (ε) | C36: Nominal forward repo (MMAD) | D36: Date forward start T1 | E36: Date forward end T2 | F36: Taux forward repo contractuel | G36: Drepo à T1 | H36: Drepo à T2 | I36: Taux repo forward implicite | J36: Valeur du forward repo (MMAD)
A37: FWD_1 | B37: =INDEX(PORTFOLIO!$B$27:$B$29,MATCH(A37,PORTFOLIO!$A$27:$A$29,0)) -> -1 | C37: =INDEX(PORTFOLIO!$C$27:$C$29,MATCH(A37,PORTFOLIO!$A$27:$A$29,0)) -> 100 | D37: =INDEX(PORTFOLIO!$D$27:$D$29,MATCH(A37,PORTFOLIO!$A$27:$A$29,0)) -> 45850 | E37: =INDEX(PORTFOLIO!$E$27:$E$29,MATCH(A37,PORTFOLIO!$A$27:$A$29,0)) -> 45875 | F37: =INDEX(PORTFOLIO!$F$27:$F$29,MATCH(A37,PORTFOLIO!$A$27:$A$29,0)) -> 0.025 | G37: =INDEX(MARKET_DATA!$E$28:$E$46,MATCH(D37,MARKET_DATA!$B$28:$B$46,0)) -> 0.99577822 | H37: =INDEX(MARKET_DATA!$E$28:$E$46,MATCH(E37,MARKET_DATA!$B$28:$B$46,0)) -> 0.99415708 | I37: =(G37/H37-1)/((E37-D37)/360) -> 0.023481552 | J37: =B37*C37*(I37-F37)*((E37-D37)/360)*H37 -> 0.010483166
A38: FWD_2 | B38: =INDEX(PORTFOLIO!$B$27:$B$29,MATCH(A38,PORTFOLIO!$A$27:$A$29,0)) -> 1 | C38: =INDEX(PORTFOLIO!$C$27:$C$29,MATCH(A38,PORTFOLIO!$A$27:$A$29,0)) -> 300 | D38: =INDEX(PORTFOLIO!$D$27:$D$29,MATCH(A38,PORTFOLIO!$A$27:$A$29,0)) -> 45889 | E38: =INDEX(PORTFOLIO!$E$27:$E$29,MATCH(A38,PORTFOLIO!$A$27:$A$29,0)) -> 45925 | F38: =INDEX(PORTFOLIO!$F$27:$F$29,MATCH(A38,PORTFOLIO!$A$27:$A$29,0)) -> 0.022 | G38: =INDEX(MARKET_DATA!$E$28:$E$46,MATCH(D38,MARKET_DATA!$B$28:$B$46,0)) -> 0.99317138 | H38: =INDEX(MARKET_DATA!$E$28:$E$46,MATCH(E38,MARKET_DATA!$B$28:$B$46,0)) -> 0.99085126 | I38: =(G38/H38-1)/((E38-D38)/360) -> 0.023415405 | J38: =B38*C38*(I38-F38)*((E38-D38)/360)*H38 -> 0.042073663
A39: FWD_3 | B39: =INDEX(PORTFOLIO!$B$27:$B$29,MATCH(A39,PORTFOLIO!$A$27:$A$29,0)) -> -1 | C39: =INDEX(PORTFOLIO!$C$27:$C$29,MATCH(A39,PORTFOLIO!$A$27:$A$29,0)) -> 500 | D39: =INDEX(PORTFOLIO!$D$27:$D$29,MATCH(A39,PORTFOLIO!$A$27:$A$29,0)) -> 45880 | E39: =INDEX(PORTFOLIO!$E$27:$E$29,MATCH(A39,PORTFOLIO!$A$27:$A$29,0)) -> 45934 | F39: =INDEX(PORTFOLIO!$F$27:$F$29,MATCH(A39,PORTFOLIO!$A$27:$A$29,0)) -> 0.022 | G39: =INDEX(MARKET_DATA!$E$28:$E$46,MATCH(D39,MARKET_DATA!$B$28:$B$46,0)) -> 0.99379987 | H39: =INDEX(MARKET_DATA!$E$28:$E$46,MATCH(E39,MARKET_DATA!$B$28:$B$46,0)) -> 0.99026662 | I39: =(G39/H39-1)/((E39-D39)/360) -> 0.02378654 | J39: =B39*C39*(I39-F39)*((E39-D39)/360)*H39 -> -0.1326863

Sheet SUMMARY
A1: SUMMARY
A2: Agrégation finale de la valeur du portefeuille. Toutes les valeurs ci-dessous sont en MMAD.
A4: Catégorie de valeur | B4: PV agrégée (MMAD) | C4: Description | D4: Convention d'unité
A5: PV des obligations | B5: =SUM(PRICING!$G$20:$G$23) -> 101.6891 | C5: Somme des valeurs des positions obligataires. | D5: 1 MMAD | E5: =1000000 -> 1000000 | F5: MAD
A6: PV des repos | B6: =SUM(PRICING!$N$29:$N$31) -> 4.5560509 | C6: Somme des valeurs des trades repo. | D6: Prix obligations | E6: % du nominal
A7: PV des forward repos | B7: =SUM(PRICING!$J$37:$J$39) -> -0.08012947 | C7: Somme des valeurs des trades forward repo. | D7: Nominal & PV | E7: MMAD
A8: PV totale du portefeuille | B8: =SUM(B5:B7) -> 106.16503 | C8: Somme de toutes les valeurs du portefeuille.
A10: Contrôles | B10: Valeur
A11: Nombre d'obligations | B11: 4
A12: Nombre de repos | B12: 3
A13: Nombre de forward repos | B13: 3
A14: Régime de pricing | B14: =PORTFOLIO!$B$6 -> N2
